text,label
"The history of education dates back to ancient civilizations.","education"
"The Bible is the holy book of Christianity.","religious"
"Legal documents require careful review and understanding of laws.","legal"
"Schools play a crucial role in shaping young minds.","education"
"Religious practices vary widely among different cultures.","religious"
"Legal disputes often require mediation or litigation.","legal"
"Higher education institutions offer specialized degree programs.","education"
"Faith is an integral part of many people's lives.","religious"
"Contracts are legally binding agreements between parties.","legal"
"Education is the key to success in today's world.","education"
"Physics deals with the study of matter, energy, and the fundamental forces of nature.","education"
"The concept of democracy originated in ancient Greece.","education"
"The Supreme Court is the highest judicial body in the United States.","legal"
"Astronomy explores the universe beyond Earth's atmosphere.","education"
"Civil rights movements aim to secure equal rights for all individuals.","legal"
"Mathematics provides a framework for understanding patterns and relationships.","education"
"The concept of supply and demand is fundamental to economics.","education"
"The First Amendment protects freedom of speech in the United States.","legal"
"Psychology is the scientific study of human behavior and mental processes.","education"
"International law governs relations between nations.","legal"
"Photosynthesis is the process by which plants convert light energy into chemical energy.","education"
"The Renaissance period marked a cultural rebirth in Europe.","education"
"The theory of evolution explains the diversity of life on Earth.","education"
"Computer science encompasses the study of algorithms, programming languages, and computational systems.","education"
"The Industrial Revolution transformed economies and societies in the 18th and 19th centuries.","legal"
"Artificial intelligence involves the development of computer systems capable of performing tasks that typically require human intelligence.","education"
"Human anatomy explores the structure and function of the human body.","education"
"The concept of justice involves fairness and equality before the law.","legal"
"Literature reflects the cultural and societal values of different periods and regions.","education"
"Environmental science addresses the impact of human activity on the natural world.","education"
"The scientific method is a systematic process for investigating the natural world.","education"
"Understanding history helps us understand the origins of present-day societies.","education"
"Mathematics provides a language for modeling and solving real-world problems.","education"
"Literature explores the human experience through storytelling and language.","education"
"Critical thinking involves analyzing information and forming reasoned judgments.","education"
"Learning a foreign language expands cultural awareness and communication skills.","education"
"Scientific discoveries have led to technological advancements that have transformed our lives.","education"
"The arts (music, visual arts, theater) enrich our lives and foster creativity.","education"
"Studying economics helps us understand how markets and economies function.","education"
"Knowledge of biology provides insights into the workings of living organisms.","education"
"The Bible and the Quran are священ texts for Christians and Muslims, respectively.","religious"
"Many religions emphasize the importance of prayer and meditation.","religious"
"Religious beliefs often provide a moral framework and sense of purpose.","religious"
"Pilgrimages are journeys to places of religious significance.","religious"
"Religious holidays and festivals mark important events and traditions.","religious"
"Theological debates explore the nature of God and religious doctrine.","religious"
"Faith can be a source of comfort and strength during difficult times.","religious"
"Religious tolerance and understanding are important for harmonious coexistence.","religious"
"The role of religion in society is a complex and ongoing discussion.","religious"
"Some religions place emphasis on social justice and helping the less fortunate.","religious"
"The Constitution outlines the fundamental principles and laws of a nation.","legal"
"Criminal law deals with offenses against society, while civil law resolves disputes between individuals.","legal"
"Judges interpret laws and make rulings in court cases.","legal"
"Contracts are legally binding agreements that outline terms and obligations.","legal"
"Environmental regulations aim to protect natural resources and public health.","legal"
"Constitutional rights guarantee individual freedoms such as free speech and due process.","legal"
"Intellectual property laws protect creative works and inventions.","legal"
"Lawyers represent clients in court and provide legal advice.","legal"
"Tax laws determine how governments raise revenue.","legal"
"Legal systems vary across countries and jurisdictions.","legal"
"Early childhood education lays the foundation for lifelong learning.","education"
"STEM fields (science, technology, engineering, math) are in high demand.","education"
"The theory of evolution is a cornerstone of modern biology.","education"
"Geography examines the Earth's physical features and human societies.","education"
"Philosophy encourages questioning assumptions and exploring fundamental ideas.","education"
"Studying psychology helps us understand human behavior and mental processes.","education"
"Developing strong literacy skills is crucial for success in all subjects.","education"
"Technical and vocational education provides training in specific trades and skills.","education"
"Online learning platforms have expanded access to educational resources.","education"
"Effective teachers inspire curiosity and a love of learning in their students.","education"
"Diverse religious traditions exist throughout the world.","religious"
"Many religious texts offer wisdom, stories, and ethical teachings.","religious"
"Rituals and ceremonies play a vital role in many religious practices.","religious"
"Religious art and architecture often reflect spiritual beliefs and symbolism.","religious"
"The origins and history of religions is a subject of scholarly study.","religious"
"Interfaith dialogue promotes understanding and respect between different religions.","religious"
"The relationship between science and religion is a complex and debated topic.","religious"
"Secularism advocates for the separation of religion and government.","religious"
"Religion can motivate both charitable acts and acts of violence.","religious"
"Religious freedom is a fundamental human right.","religious"
"International law governs relations between countries and sets global standards.","legal"
"Labor laws protect workers' rights and regulate working conditions.","legal"
"Environmental lawyers advocate for the protection of natural resources.","legal"
"The right to a fair trial is a fundamental principle of justice.","legal"
"Consumer protection laws aim to prevent deceptive and harmful business practices.","legal"
"Bankruptcy law provides relief for individuals and businesses unable to pay debts.","legal"
"Immigration law determines who can enter and reside in a country.","legal"
"Mediation and arbitration are alternative methods for resolving legal disputes.","legal"
"Understanding basic legal concepts helps individuals navigate their rights and responsibilities.","legal"
"The legal profession encompasses diverse areas of specialization.","legal"
"Learning is a lifelong process that extends beyond formal schooling.","education"
"Hands-on experiments and projects foster active learning in science.","education"
"Studying history helps us learn from the past to avoid repeating mistakes.","education"
"Debates and discussions cultivate critical thinking and communication skills.","education"
"The humanities explore human values, cultures, and artistic expression.","education"
"Financial literacy is essential for making informed financial decisions.","education"
"Learning how to code is becoming increasingly valuable in today's world.","education"
"Civic education promotes understanding of government and active citizenship.","education"
"Mentorship programs connect students with experienced professionals.","education"
"Standardized tests are used to assess student achievement but are often debated.","education"
"Spiritual practices can involve meditation, prayer, or contemplation.","religious"
"Places of worship provide a sense of community and space for religious gatherings.","religious"
"Religious leaders guide their communities and interpret religious teachings.","religious"
"Myths and legends often play a role in religious traditions and storytelling.","religious"
"Some religions place emphasis on proselytizing or spreading the faith.","religious"
"Religion has been a powerful force shaping history and societies.","religious"
"Religious extremism can lead to violence and intolerance.","religious"
"Atheism and agnosticism are non-religious viewpoints on the existence of God.","religious"
"The boundaries between religion and spirituality can be fluid and personal.","religious"
"Religious beliefs can shape perspectives on ethics, morality, and life's meaning.","religious"
"Laws evolve over time to reflect changing societal values and norms.","legal"
"Court precedents set legal guidelines for future cases.","legal"
"Patent law encourages innovation by granting inventors temporary monopolies.","legal"
"Human rights law aims to protect fundamental human rights for all individuals.","legal"
"Tax evasion is the illegal practice of avoiding paying taxes.","legal"
"Civil disobedience can be a form of protest against unjust laws.","legal"
"Lawsuits can be brought by individuals, businesses, or governmental entities.","legal"
"Antitrust laws aim to prevent monopolies and promote fair competition.","legal"
"White-collar crime refers to non-violent crimes often committed in business contexts.","legal"
"Specialized courts exist for matters like family law, bankruptcy, and traffic violations.","legal"
"The Montessori and Waldorf educational philosophies emphasize child-centered learning.","education"
"Understanding different learning styles helps educators tailor their teaching methods.","education"
"Knowledge of world history provides a global perspective and context for current events.","education"
"The study of sociology examines social structures, institutions, and inequalities.","education"
"Art and music education play a vital role in developing creativity and self-expression.","education"
"Physical education promotes health, fitness, and teamwork skills.","education"
"Special education focuses on meeting the unique needs of students with disabilities.","education"
"Gap years or study abroad programs can offer transformative learning experiences.","education"
"Educational inequities based on factors like socioeconomic status remain a challenge.","education"
"The debate over school vouchers and school choice is centered on educational options.","education"
"Major world religions include Christianity, Islam, Hinduism, Buddhism, and Judaism.","religious"
"Religious scriptures are often interpreted in different ways, leading to diverse sects.","religious"
"Monasticism involves dedicating one's life to spiritual practice and often living within a community.","religious"
"Pilgrimage journeys hold significance in many religions, such as the Hajj in Islam.","religious"
"Religious holidays, festivals, and rites of passage are important communal celebrations.","religious"
"Interfaith initiatives seek to build bridges and understanding between different religions.","religious"
"Many religious organizations provide charitable services and support to their communities.","religious"
"Religion has been used throughout history to justify both peace and conflict.","religious"
"Freedom of religion is a fundamental right, yet persecution on religious grounds still exists.","religious"
"Religion is a deeply personal aspect of identity for many individuals.","religious"
"The presumption of innocence is a key principle in criminal justice systems.","legal"
"The burden of proof lies with the prosecution in criminal trials.","legal"
"The right to an attorney ensures legal representation for defendants.","legal"
"Plea bargains allow for resolving criminal cases without a full trial.","legal"
"The jury system relies on citizens to decide the guilt or innocence of defendants.","legal"
"Contract disputes often center on disagreements about the terms or performance of an agreement.","legal"
"Tort law deals with civil wrongs and compensation for injuries or damages.","legal"
"Defamation lawsuits involve false statements that harm someone's reputation.","legal"
"Estate planning involves the preparation of wills, trusts, and other legal documents.","legal"
"Lobbying seeks to influence lawmakers and government policy.","legal"
"The earth revolves around the sun.",education
"Photosynthesis is the process by which plants convert sunlight into 
energy.",education
"The Battle of Waterloo was fought in 1815.",education
"Newton's laws of motion describe the relationship between an object's 
motion and the forces acting on it.",education
"Shakespeare is widely regarded as one of the greatest writers in the 
English language.",education
"The Taj Mahal is a mausoleum located in India.",education
"The theory of evolution explains how species change over time through 
natural selection.",education
"Leonardo da Vinci was a polymath known for his contributions to art, 
science, and engineering.",education
"Pythagoras' theorem states that in a right-angled triangle, the square of 
the hypotenuse is equal to the sum of the squares of the other two 
sides.",education
"Gravity is the force that attracts objects toward each other.",education
"The Bible is a religious text central to Christianity.",religious
"The Quran is the central religious text of Islam.",religious
"The Bhagavad Gita is a Hindu scripture.",religious
"The Dalai Lama is the spiritual leader of Tibetan Buddhism.",religious
"The concept of karma is central to Hinduism and Buddhism.",religious
"Prayer is a common religious practice across different faiths.",religious
"The Wailing Wall, or Western Wall, is a sacred site in 
Judaism.",religious
"Ramadan is a month of fasting observed by Muslims worldwide.",religious
"The Hajj pilgrimage takes place in Mecca and is one of the Five Pillars 
of Islam.",religious
"The Vatican City is the smallest independent state in the world and the 
headquarters of the Roman Catholic Church.",religious
"The Constitution of the United States is the supreme law of the 
country.",legal
"Laws are created and enforced by governments to maintain order and 
protect rights.",legal
"Civil liberties are fundamental rights guaranteed to individuals by 
law.",legal
"Contracts are legally binding agreements between parties.",legal
"Copyright laws protect the intellectual property rights of 
creators.",legal
"Criminal law deals with offenses against the state and public 
order.",legal
"The Miranda rights ensure that individuals are aware of their legal 
rights when arrested.",legal
"The Supreme Court is the highest judicial body in the United 
States.",legal
"Tax evasion is a crime punishable by law.",legal
"Human rights are universal rights inherent to all human beings.",legal
"The theory of relativity, proposed by Albert Einstein, revolutionized our 
understanding of space and time.",education
"Leonardo da Vinci's 'The Last Supper' is a renowned religious painting 
depicting the final meal of Jesus Christ with his disciples.",education
"The pyramids of Giza, built during the reign of the Pharaohs in ancient 
Egypt, remain marvels of human engineering.",education
"Isaac Newton's laws of motion laid the foundation for classical mechanics 
and our understanding of the physical world.",education
"The Renaissance was a cultural and intellectual movement that began in 
Italy in the 14th century, marking a period of rebirth and 
innovation.",education
"The French Revolution, which began in 1789, led to the overthrow of the 
monarchy and the rise of democracy in France.",education
"The Great Depression of the 1930s was a severe economic downturn that 
affected countries worldwide, leading to widespread unemployment and 
hardship.",education
"Rosa Parks, known as the 'Mother of the Civil Rights Movement,' sparked a 
boycott of segregated buses in Montgomery, Alabama.",education
"The discovery of penicillin by Alexander Fleming in 1928 revolutionized 
medicine by introducing the first antibiotic.",education
"The concept of zero, introduced by ancient Indian mathematicians, 
revolutionized mathematics and paved the way for modern 
arithmetic.",education
"The Bhagavad Gita, a sacred Hindu scripture, is part of the Indian epic 
Mahabharata and contains teachings on duty and righteousness.",religious
"The Prophet Muhammad, the founder of Islam, is believed by Muslims to be 
the last prophet sent by God to guide humanity.",religious
"The Lotus Sutra, a central text in Mahayana Buddhism, contains teachings 
attributed to the Buddha on the nature of reality and 
enlightenment.",religious
"The Western Wall, also known as the Wailing Wall, is a remnant of the 
ancient Jewish Temple in Jerusalem and a site of Jewish pilgrimage and 
prayer.",religious
"The Sikh holy book, the Guru Granth Sahib, is considered the living 
embodiment of the Sikh Gurus and is revered as the eternal 
Guru.",religious
"The concept of dharma, central to Hinduism, Buddhism, and Jainism, refers 
to the moral and ethical duties prescribed by religious 
teachings.",religious
"The Hajj, the annual Islamic pilgrimage to Mecca, is one of the Five 
Pillars of Islam and a mandatory religious duty for Muslims.",religious
"The Dalai Lama, the spiritual leader of Tibetan Buddhism, advocates for 
peace, compassion, and human rights worldwide.",religious
"The Sistine Chapel, located in Vatican City, is famous for its ceiling 
painted by Michelangelo, depicting scenes from the Book of 
Genesis.",religious
"The Golden Temple, also known as Harmandir Sahib, is the holiest shrine 
in Sikhism and a symbol of equality and spiritual unity.",religious
"The United States Constitution, ratified in 1788, established the 
framework of the federal government and guarantees fundamental rights to 
citizens.",legal
"The Magna Carta, signed in 1215, limited the power of the English 
monarchy and established the principle of the rule of law.",legal
"The International Criminal Court, established in 2002, prosecutes 
individuals for genocide, war crimes, and crimes against humanity.",legal
"The Miranda rights, established by the U.S. Supreme Court in 1966, ensure 
that individuals are aware of their legal rights when arrested.",legal
"The United Nations Universal Declaration of Human Rights, adopted in 
1948, outlines the basic rights and freedoms to which all humans are 
entitled.",legal
"The concept of habeas corpus, enshrined in many legal systems, protects 
individuals from unlawful detention and guarantees the right to a fair 
trial.",legal
"Common law, based on precedent and judicial decisions, forms the basis of 
legal systems in many English-speaking countries.",legal
"Intellectual property laws protect inventions, creative works, and 
trademarks, fostering innovation and economic growth.",legal
"Environmental regulations aim to mitigate pollution, conserve natural 
resources, and protect ecosystems and biodiversity.",legal
